start_at,end_at,clip_id,subject_id,trial_id,valence,arousal,dominance,liking,baseline_id
384,512,s01.dat_1,s01.dat,0,7.71,7.6,6.9,7.83,s01.dat_0
512,640,s01.dat_2,s01.dat,0,7.71,7.6,6.9,7.83,s01.dat_0
640,768,s01.dat_3,s01.dat,0,7.71,7.6,6.9,7.83,s01.dat_0
768,896,s01.dat_4,s01.dat,0,7.71,7.6,6.9,7.83,s01.dat_0
896,1024,s01.dat_5,s01.dat,0,7.71,7.6,6.9,7.83,s01.dat_0
1024,1152,s01.dat_6,s01.dat,0,7.71,7.6,6.9,7.83,s01.dat_0
1152,1280,s01.dat_7,s01.dat,0,7.71,7.6,6.9,7.83,s01.dat_0
1280,1408,s01.dat_8,s01.dat,0,7.71,7.6,6.9,7.83,s01.dat_0
1408,1536,s01.dat_9,s01.dat,0,7.71,7.6,6.9,7.83,s01.dat_0
1536,1664,s01.dat_10,s01.dat,0,7.71,7.6,6.9,7.83,s01.dat_0
1664,1792,s01.dat_11,s01.dat,0,7.71,7.6,6.9,7.83,s01.dat_0
1792,1920,s01.dat_12,s01.dat,0,7.71,7.6,6.9,7.83,s01.dat_0
1920,2048,s01.dat_13,s01.dat,0,7.71,7.6,6.9,7.83,s01.dat_0
2048,2176,s01.dat_14,s01.dat,0,7.71,7.6,6.9,7.83,s01.dat_0
2176,2304,s01.dat_15,s01.dat,0,7.71,7.6,6.9,7.83,s01.dat_0
2304,2432,s01.dat_16,s01.dat,0,7.71,7.6,6.9,7.83,s01.dat_0
2432,2560,s01.dat_17,s01.dat,0,7.71,7.6,6.9,7.83,s01.dat_0
2560,2688,s01.dat_18,s01.dat,0,7.71,7.6,6.9,7.83,s01.dat_0
2688,2816,s01.dat_19,s01.dat,0,7.71,7.6,6.9,7.83,s01.dat_0
2816,2944,s01.dat_20,s01.dat,0,7.71,7.6,6.9,7.83,s01.dat_0
2944,3072,s01.dat_21,s01.dat,0,7.71,7.6,6.9,7.83,s01.dat_0
3072,3200,s01.dat_22,s01.dat,0,7.71,7.6,6.9,7.83,s01.dat_0
3200,3328,s01.dat_23,s01.dat,0,7.71,7.6,6.9,7.83,s01.dat_0
3328,3456,s01.dat_24,s01.dat,0,7.71,7.6,6.9,7.83,s01.dat_0
3456,3584,s01.dat_25,s01.dat,0,7.71,7.6,6.9,7.83,s01.dat_0
3584,3712,s01.dat_26,s01.dat,0,7.71,7.6,6.9,7.83,s01.dat_0
3712,3840,s01.dat_27,s01.dat,0,7.71,7.6,6.9,7.83,s01.dat_0
3840,3968,s01.dat_28,s01.dat,0,7.71,7.6,6.9,7.83,s01.dat_0
3968,4096,s01.dat_29,s01.dat,0,7.71,7.6,6.9,7.83,s01.dat_0
4096,4224,s01.dat_30,s01.dat,0,7.71,7.6,6.9,7.83,s01.dat_0
4224,4352,s01.dat_31,s01.dat,0,7.71,7.6,6.9,7.83,s01.dat_0
4352,4480,s01.dat_32,s01.dat,0,7.71,7.6,6.9,7.83,s01.dat_0
4480,4608,s01.dat_33,s01.dat,0,7.71,7.6,6.9,7.83,s01.dat_0
4608,4736,s01.dat_34,s01.dat,0,7.71,7.6,6.9,7.83,s01.dat_0
4736,4864,s01.dat_35,s01.dat,0,7.71,7.6,6.9,7.83,s01.dat_0
4864,4992,s01.dat_36,s01.dat,0,7.71,7.6,6.9,7.83,s01.dat_0
4992,5120,s01.dat_37,s01.dat,0,7.71,7.6,6.9,7.83,s01.dat_0
5120,5248,s01.dat_38,s01.dat,0,7.71,7.6,6.9,7.83,s01.dat_0
5248,5376,s01.dat_39,s01.dat,0,7.71,7.6,6.9,7.83,s01.dat_0
5376,5504,s01.dat_40,s01.dat,0,7.71,7.6,6.9,7.83,s01.dat_0
5504,5632,s01.dat_41,s01.dat,0,7.71,7.6,6.9,7.83,s01.dat_0
5632,5760,s01.dat_42,s01.dat,0,7.71,7.6,6.9,7.83,s01.dat_0
5760,5888,s01.dat_43,s01.dat,0,7.71,7.6,6.9,7.83,s01.dat_0
5888,6016,s01.dat_44,s01.dat,0,7.71,7.6,6.9,7.83,s01.dat_0
6016,6144,s01.dat_45,s01.dat,0,7.71,7.6,6.9,7.83,s01.dat_0
6144,6272,s01.dat_46,s01.dat,0,7.71,7.6,6.9,7.83,s01.dat_0
6272,6400,s01.dat_47,s01.dat,0,7.71,7.6,6.9,7.83,s01.dat_0
6400,6528,s01.dat_48,s01.dat,0,7.71,7.6,6.9,7.83,s01.dat_0
6528,6656,s01.dat_49,s01.dat,0,7.71,7.6,6.9,7.83,s01.dat_0
6656,6784,s01.dat_50,s01.dat,0,7.71,7.6,6.9,7.83,s01.dat_0
6784,6912,s01.dat_51,s01.dat,0,7.71,7.6,6.9,7.83,s01.dat_0
6912,7040,s01.dat_52,s01.dat,0,7.71,7.6,6.9,7.83,s01.dat_0
7040,7168,s01.dat_53,s01.dat,0,7.71,7.6,6.9,7.83,s01.dat_0
7168,7296,s01.dat_54,s01.dat,0,7.71,7.6,6.9,7.83,s01.dat_0
7296,7424,s01.dat_55,s01.dat,0,7.71,7.6,6.9,7.83,s01.dat_0
7424,7552,s01.dat_56,s01.dat,0,7.71,7.6,6.9,7.83,s01.dat_0
7552,7680,s01.dat_57,s01.dat,0,7.71,7.6,6.9,7.83,s01.dat_0
7680,7808,s01.dat_58,s01.dat,0,7.71,7.6,6.9,7.83,s01.dat_0
7808,7936,s01.dat_59,s01.dat,0,7.71,7.6,6.9,7.83,s01.dat_0
7936,8064,s01.dat_60,s01.dat,0,7.71,7.6,6.9,7.83,s01.dat_0
384,512,s01.dat_62,s01.dat,1,8.1,7.31,7.28,8.47,s01.dat_61
512,640,s01.dat_63,s01.dat,1,8.1,7.31,7.28,8.47,s01.dat_61
640,768,s01.dat_64,s01.dat,1,8.1,7.31,7.28,8.47,s01.dat_61
768,896,s01.dat_65,s01.dat,1,8.1,7.31,7.28,8.47,s01.dat_61
896,1024,s01.dat_66,s01.dat,1,8.1,7.31,7.28,8.47,s01.dat_61
1024,1152,s01.dat_67,s01.dat,1,8.1,7.31,7.28,8.47,s01.dat_61
1152,1280,s01.dat_68,s01.dat,1,8.1,7.31,7.28,8.47,s01.dat_61
1280,1408,s01.dat_69,s01.dat,1,8.1,7.31,7.28,8.47,s01.dat_61
1408,1536,s01.dat_70,s01.dat,1,8.1,7.31,7.28,8.47,s01.dat_61
1536,1664,s01.dat_71,s01.dat,1,8.1,7.31,7.28,8.47,s01.dat_61
1664,1792,s01.dat_72,s01.dat,1,8.1,7.31,7.28,8.47,s01.dat_61
1792,1920,s01.dat_73,s01.dat,1,8.1,7.31,7.28,8.47,s01.dat_61
1920,2048,s01.dat_74,s01.dat,1,8.1,7.31,7.28,8.47,s01.dat_61
2048,2176,s01.dat_75,s01.dat,1,8.1,7.31,7.28,8.47,s01.dat_61
2176,2304,s01.dat_76,s01.dat,1,8.1,7.31,7.28,8.47,s01.dat_61
2304,2432,s01.dat_77,s01.dat,1,8.1,7.31,7.28,8.47,s01.dat_61
2432,2560,s01.dat_78,s01.dat,1,8.1,7.31,7.28,8.47,s01.dat_61
2560,2688,s01.dat_79,s01.dat,1,8.1,7.31,7.28,8.47,s01.dat_61
2688,2816,s01.dat_80,s01.dat,1,8.1,7.31,7.28,8.47,s01.dat_61
2816,2944,s01.dat_81,s01.dat,1,8.1,7.31,7.28,8.47,s01.dat_61
2944,3072,s01.dat_82,s01.dat,1,8.1,7.31,7.28,8.47,s01.dat_61
3072,3200,s01.dat_83,s01.dat,1,8.1,7.31,7.28,8.47,s01.dat_61
3200,3328,s01.dat_84,s01.dat,1,8.1,7.31,7.28,8.47,s01.dat_61
3328,3456,s01.dat_85,s01.dat,1,8.1,7.31,7.28,8.47,s01.dat_61
3456,3584,s01.dat_86,s01.dat,1,8.1,7.31,7.28,8.47,s01.dat_61
3584,3712,s01.dat_87,s01.dat,1,8.1,7.31,7.28,8.47,s01.dat_61
3712,3840,s01.dat_88,s01.dat,1,8.1,7.31,7.28,8.47,s01.dat_61
3840,3968,s01.dat_89,s01.dat,1,8.1,7.31,7.28,8.47,s01.dat_61
3968,4096,s01.dat_90,s01.dat,1,8.1,7.31,7.28,8.47,s01.dat_61
4096,4224,s01.dat_91,s01.dat,1,8.1,7.31,7.28,8.47,s01.dat_61
4224,4352,s01.dat_92,s01.dat,1,8.1,7.31,7.28,8.47,s01.dat_61
4352,4480,s01.dat_93,s01.dat,1,8.1,7.31,7.28,8.47,s01.dat_61
4480,4608,s01.dat_94,s01.dat,1,8.1,7.31,7.28,8.47,s01.dat_61
4608,4736,s01.dat_95,s01.dat,1,8.1,7.31,7.28,8.47,s01.dat_61
4736,4864,s01.dat_96,s01.dat,1,8.1,7.31,7.28,8.47,s01.dat_61
4864,4992,s01.dat_97,s01.dat,1,8.1,7.31,7.28,8.47,s01.dat_61
4992,5120,s01.dat_98,s01.dat,1,8.1,7.31,7.28,8.47,s01.dat_61
5120,5248,s01.dat_99,s01.dat,1,8.1,7.31,7.28,8.47,s01.dat_61
5248,5376,s01.dat_100,s01.dat,1,8.1,7.31,7.28,8.47,s01.dat_61
5376,5504,s01.dat_101,s01.dat,1,8.1,7.31,7.28,8.47,s01.dat_61
5504,5632,s01.dat_102,s01.dat,1,8.1,7.31,7.28,8.47,s01.dat_61
5632,5760,s01.dat_103,s01.dat,1,8.1,7.31,7.28,8.47,s01.dat_61
5760,5888,s01.dat_104,s01.dat,1,8.1,7.31,7.28,8.47,s01.dat_61
5888,6016,s01.dat_105,s01.dat,1,8.1,7.31,7.28,8.47,s01.dat_61
6016,6144,s01.dat_106,s01.dat,1,8.1,7.31,7.28,8.47,s01.dat_61
6144,6272,s01.dat_107,s01.dat,1,8.1,7.31,7.28,8.47,s01.dat_61
6272,6400,s01.dat_108,s01.dat,1,8.1,7.31,7.28,8.47,s01.dat_61
6400,6528,s01.dat_109,s01.dat,1,8.1,7.31,7.28,8.47,s01.dat_61
6528,6656,s01.dat_110,s01.dat,1,8.1,7.31,7.28,8.47,s01.dat_61
6656,6784,s01.dat_111,s01.dat,1,8.1,7.31,7.28,8.47,s01.dat_61
6784,6912,s01.dat_112,s01.dat,1,8.1,7.31,7.28,8.47,s01.dat_61
6912,7040,s01.dat_113,s01.dat,1,8.1,7.31,7.28,8.47,s01.dat_61
7040,7168,s01.dat_114,s01.dat,1,8.1,7.31,7.28,8.47,s01.dat_61
7168,7296,s01.dat_115,s01.dat,1,8.1,7.31,7.28,8.47,s01.dat_61
7296,7424,s01.dat_116,s01.dat,1,8.1,7.31,7.28,8.47,s01.dat_61
7424,7552,s01.dat_117,s01.dat,1,8.1,7.31,7.28,8.47,s01.dat_61
7552,7680,s01.dat_118,s01.dat,1,8.1,7.31,7.28,8.47,s01.dat_61
7680,7808,s01.dat_119,s01.dat,1,8.1,7.31,7.28,8.47,s01.dat_61
7808,7936,s01.dat_120,s01.dat,1,8.1,7.31,7.28,8.47,s01.dat_61
7936,8064,s01.dat_121,s01.dat,1,8.1,7.31,7.28,8.47,s01.dat_61
384,512,s01.dat_123,s01.dat,2,8.58,7.54,9.0,7.08,s01.dat_122
512,640,s01.dat_124,s01.dat,2,8.58,7.54,9.0,7.08,s01.dat_122
640,768,s01.dat_125,s01.dat,2,8.58,7.54,9.0,7.08,s01.dat_122
768,896,s01.dat_126,s01.dat,2,8.58,7.54,9.0,7.08,s01.dat_122
896,1024,s01.dat_127,s01.dat,2,8.58,7.54,9.0,7.08,s01.dat_122
1024,1152,s01.dat_128,s01.dat,2,8.58,7.54,9.0,7.08,s01.dat_122
1152,1280,s01.dat_129,s01.dat,2,8.58,7.54,9.0,7.08,s01.dat_122
1280,1408,s01.dat_130,s01.dat,2,8.58,7.54,9.0,7.08,s01.dat_122
1408,1536,s01.dat_131,s01.dat,2,8.58,7.54,9.0,7.08,s01.dat_122
1536,1664,s01.dat_132,s01.dat,2,8.58,7.54,9.0,7.08,s01.dat_122
1664,1792,s01.dat_133,s01.dat,2,8.58,7.54,9.0,7.08,s01.dat_122
1792,1920,s01.dat_134,s01.dat,2,8.58,7.54,9.0,7.08,s01.dat_122
1920,2048,s01.dat_135,s01.dat,2,8.58,7.54,9.0,7.08,s01.dat_122
2048,2176,s01.dat_136,s01.dat,2,8.58,7.54,9.0,7.08,s01.dat_122
2176,2304,s01.dat_137,s01.dat,2,8.58,7.54,9.0,7.08,s01.dat_122
2304,2432,s01.dat_138,s01.dat,2,8.58,7.54,9.0,7.08,s01.dat_122
2432,2560,s01.dat_139,s01.dat,2,8.58,7.54,9.0,7.08,s01.dat_122
2560,2688,s01.dat_140,s01.dat,2,8.58,7.54,9.0,7.08,s01.dat_122
2688,2816,s01.dat_141,s01.dat,2,8.58,7.54,9.0,7.08,s01.dat_122
2816,2944,s01.dat_142,s01.dat,2,8.58,7.54,9.0,7.08,s01.dat_122
2944,3072,s01.dat_143,s01.dat,2,8.58,7.54,9.0,7.08,s01.dat_122
3072,3200,s01.dat_144,s01.dat,2,8.58,7.54,9.0,7.08,s01.dat_122
3200,3328,s01.dat_145,s01.dat,2,8.58,7.54,9.0,7.08,s01.dat_122
3328,3456,s01.dat_146,s01.dat,2,8.58,7.54,9.0,7.08,s01.dat_122
3456,3584,s01.dat_147,s01.dat,2,8.58,7.54,9.0,7.08,s01.dat_122
3584,3712,s01.dat_148,s01.dat,2,8.58,7.54,9.0,7.08,s01.dat_122
3712,3840,s01.dat_149,s01.dat,2,8.58,7.54,9.0,7.08,s01.dat_122
3840,3968,s01.dat_150,s01.dat,2,8.58,7.54,9.0,7.08,s01.dat_122
3968,4096,s01.dat_151,s01.dat,2,8.58,7.54,9.0,7.08,s01.dat_122
4096,4224,s01.dat_152,s01.dat,2,8.58,7.54,9.0,7.08,s01.dat_122
4224,4352,s01.dat_153,s01.dat,2,8.58,7.54,9.0,7.08,s01.dat_122
4352,4480,s01.dat_154,s01.dat,2,8.58,7.54,9.0,7.08,s01.dat_122
4480,4608,s01.dat_155,s01.dat,2,8.58,7.54,9.0,7.08,s01.dat_122
4608,4736,s01.dat_156,s01.dat,2,8.58,7.54,9.0,7.08,s01.dat_122
4736,4864,s01.dat_157,s01.dat,2,8.58,7.54,9.0,7.08,s01.dat_122
4864,4992,s01.dat_158,s01.dat,2,8.58,7.54,9.0,7.08,s01.dat_122
4992,5120,s01.dat_159,s01.dat,2,8.58,7.54,9.0,7.08,s01.dat_122
5120,5248,s01.dat_160,s01.dat,2,8.58,7.54,9.0,7.08,s01.dat_122
5248,5376,s01.dat_161,s01.dat,2,8.58,7.54,9.0,7.08,s01.dat_122
5376,5504,s01.dat_162,s01.dat,2,8.58,7.54,9.0,7.08,s01.dat_122
5504,5632,s01.dat_163,s01.dat,2,8.58,7.54,9.0,7.08,s01.dat_122
5632,5760,s01.dat_164,s01.dat,2,8.58,7.54,9.0,7.08,s01.dat_122
5760,5888,s01.dat_165,s01.dat,2,8.58,7.54,9.0,7.08,s01.dat_122
5888,6016,s01.dat_166,s01.dat,2,8.58,7.54,9.0,7.08,s01.dat_122
6016,6144,s01.dat_167,s01.dat,2,8.58,7.54,9.0,7.08,s01.dat_122
6144,6272,s01.dat_168,s01.dat,2,8.58,7.54,9.0,7.08,s01.dat_122
6272,6400,s01.dat_169,s01.dat,2,8.58,7.54,9.0,7.08,s01.dat_122
6400,6528,s01.dat_170,s01.dat,2,8.58,7.54,9.0,7.08,s01.dat_122
6528,6656,s01.dat_171,s01.dat,2,8.58,7.54,9.0,7.08,s01.dat_122
6656,6784,s01.dat_172,s01.dat,2,8.58,7.54,9.0,7.08,s01.dat_122
6784,6912,s01.dat_173,s01.dat,2,8.58,7.54,9.0,7.08,s01.dat_122
6912,7040,s01.dat_174,s01.dat,2,8.58,7.54,9.0,7.08,s01.dat_122
7040,7168,s01.dat_175,s01.dat,2,8.58,7.54,9.0,7.08,s01.dat_122
7168,7296,s01.dat_176,s01.dat,2,8.58,7.54,9.0,7.08,s01.dat_122
7296,7424,s01.dat_177,s01.dat,2,8.58,7.54,9.0,7.08,s01.dat_122
7424,7552,s01.dat_178,s01.dat,2,8.58,7.54,9.0,7.08,s01.dat_122
7552,7680,s01.dat_179,s01.dat,2,8.58,7.54,9.0,7.08,s01.dat_122
7680,7808,s01.dat_180,s01.dat,2,8.58,7.54,9.0,7.08,s01.dat_122
7808,7936,s01.dat_181,s01.dat,2,8.58,7.54,9.0,7.08,s01.dat_122
7936,8064,s01.dat_182,s01.dat,2,8.58,7.54,9.0,7.08,s01.dat_122
384,512,s01.dat_184,s01.dat,3,4.94,6.01,6.12,8.06,s01.dat_183
512,640,s01.dat_185,s01.dat,3,4.94,6.01,6.12,8.06,s01.dat_183
640,768,s01.dat_186,s01.dat,3,4.94,6.01,6.12,8.06,s01.dat_183
768,896,s01.dat_187,s01.dat,3,4.94,6.01,6.12,8.06,s01.dat_183
896,1024,s01.dat_188,s01.dat,3,4.94,6.01,6.12,8.06,s01.dat_183
1024,1152,s01.dat_189,s01.dat,3,4.94,6.01,6.12,8.06,s01.dat_183
1152,1280,s01.dat_190,s01.dat,3,4.94,6.01,6.12,8.06,s01.dat_183
1280,1408,s01.dat_191,s01.dat,3,4.94,6.01,6.12,8.06,s01.dat_183
1408,1536,s01.dat_192,s01.dat,3,4.94,6.01,6.12,8.06,s01.dat_183
1536,1664,s01.dat_193,s01.dat,3,4.94,6.01,6.12,8.06,s01.dat_183
1664,1792,s01.dat_194,s01.dat,3,4.94,6.01,6.12,8.06,s01.dat_183
1792,1920,s01.dat_195,s01.dat,3,4.94,6.01,6.12,8.06,s01.dat_183
1920,2048,s01.dat_196,s01.dat,3,4.94,6.01,6.12,8.06,s01.dat_183
2048,2176,s01.dat_197,s01.dat,3,4.94,6.01,6.12,8.06,s01.dat_183
2176,2304,s01.dat_198,s01.dat,3,4.94,6.01,6.12,8.06,s01.dat_183
2304,2432,s01.dat_199,s01.dat,3,4.94,6.01,6.12,8.06,s01.dat_183
2432,2560,s01.dat_200,s01.dat,3,4.94,6.01,6.12,8.06,s01.dat_183
2560,2688,s01.dat_201,s01.dat,3,4.94,6.01,6.12,8.06,s01.dat_183
2688,2816,s01.dat_202,s01.dat,3,4.94,6.01,6.12,8.06,s01.dat_183
2816,2944,s01.dat_203,s01.dat,3,4.94,6.01,6.12,8.06,s01.dat_183
2944,3072,s01.dat_204,s01.dat,3,4.94,6.01,6.12,8.06,s01.dat_183
3072,3200,s01.dat_205,s01.dat,3,4.94,6.01,6.12,8.06,s01.dat_183
3200,3328,s01.dat_206,s01.dat,3,4.94,6.01,6.12,8.06,s01.dat_183
3328,3456,s01.dat_207,s01.dat,3,4.94,6.01,6.12,8.06,s01.dat_183
3456,3584,s01.dat_208,s01.dat,3,4.94,6.01,6.12,8.06,s01.dat_183
3584,3712,s01.dat_209,s01.dat,3,4.94,6.01,6.12,8.06,s01.dat_183
3712,3840,s01.dat_210,s01.dat,3,4.94,6.01,6.12,8.06,s01.dat_183
3840,3968,s01.dat_211,s01.dat,3,4.94,6.01,6.12,8.06,s01.dat_183
3968,4096,s01.dat_212,s01.dat,3,4.94,6.01,6.12,8.06,s01.dat_183
4096,4224,s01.dat_213,s01.dat,3,4.94,6.01,6.12,8.06,s01.dat_183
4224,4352,s01.dat_214,s01.dat,3,4.94,6.01,6.12,8.06,s01.dat_183
4352,4480,s01.dat_215,s01.dat,3,4.94,6.01,6.12,8.06,s01.dat_183
4480,4608,s01.dat_216,s01.dat,3,4.94,6.01,6.12,8.06,s01.dat_183
4608,4736,s01.dat_217,s01.dat,3,4.94,6.01,6.12,8.06,s01.dat_183
4736,4864,s01.dat_218,s01.dat,3,4.94,6.01,6.12,8.06,s01.dat_183
4864,4992,s01.dat_219,s01.dat,3,4.94,6.01,6.12,8.06,s01.dat_183
4992,5120,s01.dat_220,s01.dat,3,4.94,6.01,6.12,8.06,s01.dat_183
5120,5248,s01.dat_221,s01.dat,3,4.94,6.01,6.12,8.06,s01.dat_183
5248,5376,s01.dat_222,s01.dat,3,4.94,6.01,6.12,8.06,s01.dat_183
5376,5504,s01.dat_223,s01.dat,3,4.94,6.01,6.12,8.06,s01.dat_183
5504,5632,s01.dat_224,s01.dat,3,4.94,6.01,6.12,8.06,s01.dat_183
5632,5760,s01.dat_225,s01.dat,3,4.94,6.01,6.12,8.06,s01.dat_183
5760,5888,s01.dat_226,s01.dat,3,4.94,6.01,6.12,8.06,s01.dat_183
5888,6016,s01.dat_227,s01.dat,3,4.94,6.01,6.12,8.06,s01.dat_183
6016,6144,s01.dat_228,s01.dat,3,4.94,6.01,6.12,8.06,s01.dat_183
6144,6272,s01.dat_229,s01.dat,3,4.94,6.01,6.12,8.06,s01.dat_183
6272,6400,s01.dat_230,s01.dat,3,4.94,6.01,6.12,8.06,s01.dat_183
6400,6528,s01.dat_231,s01.dat,3,4.94,6.01,6.12,8.06,s01.dat_183
6528,6656,s01.dat_232,s01.dat,3,4.94,6.01,6.12,8.06,s01.dat_183
6656,6784,s01.dat_233,s01.dat,3,4.94,6.01,6.12,8.06,s01.dat_183
6784,6912,s01.dat_234,s01.dat,3,4.94,6.01,6.12,8.06,s01.dat_183
6912,7040,s01.dat_235,s01.dat,3,4.94,6.01,6.12,8.06,s01.dat_183
7040,7168,s01.dat_236,s01.dat,3,4.94,6.01,6.12,8.06,s01.dat_183
7168,7296,s01.dat_237,s01.dat,3,4.94,6.01,6.12,8.06,s01.dat_183
7296,7424,s01.dat_238,s01.dat,3,4.94,6.01,6.12,8.06,s01.dat_183
7424,7552,s01.dat_239,s01.dat,3,4.94,6.01,6.12,8.06,s01.dat_183
7552,7680,s01.dat_240,s01.dat,3,4.94,6.01,6.12,8.06,s01.dat_183
7680,7808,s01.dat_241,s01.dat,3,4.94,6.01,6.12,8.06,s01.dat_183
7808,7936,s01.dat_242,s01.dat,3,4.94,6.01,6.12,8.06,s01.dat_183
7936,8064,s01.dat_243,s01.dat,3,4.94,6.01,6.12,8.06,s01.dat_183
384,512,s01.dat_245,s01.dat,4,6.96,3.92,7.19,6.05,s01.dat_244
512,640,s01.dat_246,s01.dat,4,6.96,3.92,7.19,6.05,s01.dat_244
640,768,s01.dat_247,s01.dat,4,6.96,3.92,7.19,6.05,s01.dat_244
768,896,s01.dat_248,s01.dat,4,6.96,3.92,7.19,6.05,s01.dat_244
896,1024,s01.dat_249,s01.dat,4,6.96,3.92,7.19,6.05,s01.dat_244
1024,1152,s01.dat_250,s01.dat,4,6.96,3.92,7.19,6.05,s01.dat_244
1152,1280,s01.dat_251,s01.dat,4,6.96,3.92,7.19,6.05,s01.dat_244
1280,1408,s01.dat_252,s01.dat,4,6.96,3.92,7.19,6.05,s01.dat_244
1408,1536,s01.dat_253,s01.dat,4,6.96,3.92,7.19,6.05,s01.dat_244
1536,1664,s01.dat_254,s01.dat,4,6.96,3.92,7.19,6.05,s01.dat_244
1664,1792,s01.dat_255,s01.dat,4,6.96,3.92,7.19,6.05,s01.dat_244
1792,1920,s01.dat_256,s01.dat,4,6.96,3.92,7.19,6.05,s01.dat_244
1920,2048,s01.dat_257,s01.dat,4,6.96,3.92,7.19,6.05,s01.dat_244
2048,2176,s01.dat_258,s01.dat,4,6.96,3.92,7.19,6.05,s01.dat_244
2176,2304,s01.dat_259,s01.dat,4,6.96,3.92,7.19,6.05,s01.dat_244
2304,2432,s01.dat_260,s01.dat,4,6.96,3.92,7.19,6.05,s01.dat_244
2432,2560,s01.dat_261,s01.dat,4,6.96,3.92,7.19,6.05,s01.dat_244
2560,2688,s01.dat_262,s01.dat,4,6.96,3.92,7.19,6.05,s01.dat_244
2688,2816,s01.dat_263,s01.dat,4,6.96,3.92,7.19,6.05,s01.dat_244
2816,2944,s01.dat_264,s01.dat,4,6.96,3.92,7.19,6.05,s01.dat_244
2944,3072,s01.dat_265,s01.dat,4,6.96,3.92,7.19,6.05,s01.dat_244
3072,3200,s01.dat_266,s01.dat,4,6.96,3.92,7.19,6.05,s01.dat_244
3200,3328,s01.dat_267,s01.dat,4,6.96,3.92,7.19,6.05,s01.dat_244
3328,3456,s01.dat_268,s01.dat,4,6.96,3.92,7.19,6.05,s01.dat_244
3456,3584,s01.dat_269,s01.dat,4,6.96,3.92,7.19,6.05,s01.dat_244
3584,3712,s01.dat_270,s01.dat,4,6.96,3.92,7.19,6.05,s01.dat_244
3712,3840,s01.dat_271,s01.dat,4,6.96,3.92,7.19,6.05,s01.dat_244
3840,3968,s01.dat_272,s01.dat,4,6.96,3.92,7.19,6.05,s01.dat_244
3968,4096,s01.dat_273,s01.dat,4,6.96,3.92,7.19,6.05,s01.dat_244
4096,4224,s01.dat_274,s01.dat,4,6.96,3.92,7.19,6.05,s01.dat_244
4224,4352,s01.dat_275,s01.dat,4,6.96,3.92,7.19,6.05,s01.dat_244
4352,4480,s01.dat_276,s01.dat,4,6.96,3.92,7.19,6.05,s01.dat_244
4480,4608,s01.dat_277,s01.dat,4,6.96,3.92,7.19,6.05,s01.dat_244
4608,4736,s01.dat_278,s01.dat,4,6.96,3.92,7.19,6.05,s01.dat_244
4736,4864,s01.dat_279,s01.dat,4,6.96,3.92,7.19,6.05,s01.dat_244
4864,4992,s01.dat_280,s01.dat,4,6.96,3.92,7.19,6.05,s01.dat_244
4992,5120,s01.dat_281,s01.dat,4,6.96,3.92,7.19,6.05,s01.dat_244
5120,5248,s01.dat_282,s01.dat,4,6.96,3.92,7.19,6.05,s01.dat_244
5248,5376,s01.dat_283,s01.dat,4,6.96,3.92,7.19,6.05,s01.dat_244
5376,5504,s01.dat_284,s01.dat,4,6.96,3.92,7.19,6.05,s01.dat_244
5504,5632,s01.dat_285,s01.dat,4,6.96,3.92,7.19,6.05,s01.dat_244
5632,5760,s01.dat_286,s01.dat,4,6.96,3.92,7.19,6.05,s01.dat_244
5760,5888,s01.dat_287,s01.dat,4,6.96,3.92,7.19,6.05,s01.dat_244
5888,6016,s01.dat_288,s01.dat,4,6.96,3.92,7.19,6.05,s01.dat_244
6016,6144,s01.dat_289,s01.dat,4,6.96,3.92,7.19,6.05,s01.dat_244
6144,6272,s01.dat_290,s01.dat,4,6.96,3.92,7.19,6.05,s01.dat_244
6272,6400,s01.dat_291,s01.dat,4,6.96,3.92,7.19,6.05,s01.dat_244
6400,6528,s01.dat_292,s01.dat,4,6.96,3.92,7.19,6.05,s01.dat_244
6528,6656,s01.dat_293,s01.dat,4,6.96,3.92,7.19,6.05,s01.dat_244
6656,6784,s01.dat_294,s01.dat,4,6.96,3.92,7.19,6.05,s01.dat_244
6784,6912,s01.dat_295,s01.dat,4,6.96,3.92,7.19,6.05,s01.dat_244
6912,7040,s01.dat_296,s01.dat,4,6.96,3.92,7.19,6.05,s01.dat_244
7040,7168,s01.dat_297,s01.dat,4,6.96,3.92,7.19,6.05,s01.dat_244
7168,7296,s01.dat_298,s01.dat,4,6.96,3.92,7.19,6.05,s01.dat_244
7296,7424,s01.dat_299,s01.dat,4,6.96,3.92,7.19,6.05,s01.dat_244
7424,7552,s01.dat_300,s01.dat,4,6.96,3.92,7.19,6.05,s01.dat_244
7552,7680,s01.dat_301,s01.dat,4,6.96,3.92,7.19,6.05,s01.dat_244
7680,7808,s01.dat_302,s01.dat,4,6.96,3.92,7.19,6.05,s01.dat_244
7808,7936,s01.dat_303,s01.dat,4,6.96,3.92,7.19,6.05,s01.dat_244
7936,8064,s01.dat_304,s01.dat,4,6.96,3.92,7.19,6.05,s01.dat_244
384,512,s01.dat_306,s01.dat,5,8.27,3.92,7.0,8.03,s01.dat_305
512,640,s01.dat_307,s01.dat,5,8.27,3.92,7.0,8.03,s01.dat_305
640,768,s01.dat_308,s01.dat,5,8.27,3.92,7.0,8.03,s01.dat_305
768,896,s01.dat_309,s01.dat,5,8.27,3.92,7.0,8.03,s01.dat_305
896,1024,s01.dat_310,s01.dat,5,8.27,3.92,7.0,8.03,s01.dat_305
1024,1152,s01.dat_311,s01.dat,5,8.27,3.92,7.0,8.03,s01.dat_305
1152,1280,s01.dat_312,s01.dat,5,8.27,3.92,7.0,8.03,s01.dat_305
1280,1408,s01.dat_313,s01.dat,5,8.27,3.92,7.0,8.03,s01.dat_305
1408,1536,s01.dat_314,s01.dat,5,8.27,3.92,7.0,8.03,s01.dat_305
1536,1664,s01.dat_315,s01.dat,5,8.27,3.92,7.0,8.03,s01.dat_305
1664,1792,s01.dat_316,s01.dat,5,8.27,3.92,7.0,8.03,s01.dat_305
1792,1920,s01.dat_317,s01.dat,5,8.27,3.92,7.0,8.03,s01.dat_305
1920,2048,s01.dat_318,s01.dat,5,8.27,3.92,7.0,8.03,s01.dat_305
2048,2176,s01.dat_319,s01.dat,5,8.27,3.92,7.0,8.03,s01.dat_305
2176,2304,s01.dat_320,s01.dat,5,8.27,3.92,7.0,8.03,s01.dat_305
2304,2432,s01.dat_321,s01.dat,5,8.27,3.92,7.0,8.03,s01.dat_305
2432,2560,s01.dat_322,s01.dat,5,8.27,3.92,7.0,8.03,s01.dat_305
2560,2688,s01.dat_323,s01.dat,5,8.27,3.92,7.0,8.03,s01.dat_305
2688,2816,s01.dat_324,s01.dat,5,8.27,3.92,7.0,8.03,s01.dat_305
2816,2944,s01.dat_325,s01.dat,5,8.27,3.92,7.0,8.03,s01.dat_305
2944,3072,s01.dat_326,s01.dat,5,8.27,3.92,7.0,8.03,s01.dat_305
3072,3200,s01.dat_327,s01.dat,5,8.27,3.92,7.0,8.03,s01.dat_305
3200,3328,s01.dat_328,s01.dat,5,8.27,3.92,7.0,8.03,s01.dat_305
3328,3456,s01.dat_329,s01.dat,5,8.27,3.92,7.0,8.03,s01.dat_305
3456,3584,s01.dat_330,s01.dat,5,8.27,3.92,7.0,8.03,s01.dat_305
3584,3712,s01.dat_331,s01.dat,5,8.27,3.92,7.0,8.03,s01.dat_305
3712,3840,s01.dat_332,s01.dat,5,8.27,3.92,7.0,8.03,s01.dat_305
3840,3968,s01.dat_333,s01.dat,5,8.27,3.92,7.0,8.03,s01.dat_305
3968,4096,s01.dat_334,s01.dat,5,8.27,3.92,7.0,8.03,s01.dat_305
4096,4224,s01.dat_335,s01.dat,5,8.27,3.92,7.0,8.03,s01.dat_305
4224,4352,s01.dat_336,s01.dat,5,8.27,3.92,7.0,8.03,s01.dat_305
4352,4480,s01.dat_337,s01.dat,5,8.27,3.92,7.0,8.03,s01.dat_305
4480,4608,s01.dat_338,s01.dat,5,8.27,3.92,7.0,8.03,s01.dat_305
4608,4736,s01.dat_339,s01.dat,5,8.27,3.92,7.0,8.03,s01.dat_305
4736,4864,s01.dat_340,s01.dat,5,8.27,3.92,7.0,8.03,s01.dat_305
4864,4992,s01.dat_341,s01.dat,5,8.27,3.92,7.0,8.03,s01.dat_305
4992,5120,s01.dat_342,s01.dat,5,8.27,3.92,7.0,8.03,s01.dat_305
5120,5248,s01.dat_343,s01.dat,5,8.27,3.92,7.0,8.03,s01.dat_305
5248,5376,s01.dat_344,s01.dat,5,8.27,3.92,7.0,8.03,s01.dat_305
5376,5504,s01.dat_345,s01.dat,5,8.27,3.92,7.0,8.03,s01.dat_305
5504,5632,s01.dat_346,s01.dat,5,8.27,3.92,7.0,8.03,s01.dat_305
5632,5760,s01.dat_347,s01.dat,5,8.27,3.92,7.0,8.03,s01.dat_305
5760,5888,s01.dat_348,s01.dat,5,8.27,3.92,7.0,8.03,s01.dat_305
5888,6016,s01.dat_349,s01.dat,5,8.27,3.92,7.0,8.03,s01.dat_305
6016,6144,s01.dat_350,s01.dat,5,8.27,3.92,7.0,8.03,s01.dat_305
6144,6272,s01.dat_351,s01.dat,5,8.27,3.92,7.0,8.03,s01.dat_305
6272,6400,s01.dat_352,s01.dat,5,8.27,3.92,7.0,8.03,s01.dat_305
6400,6528,s01.dat_353,s01.dat,5,8.27,3.92,7.0,8.03,s01.dat_305
6528,6656,s01.dat_354,s01.dat,5,8.27,3.92,7.0,8.03,s01.dat_305
6656,6784,s01.dat_355,s01.dat,5,8.27,3.92,7.0,8.03,s01.dat_305
6784,6912,s01.dat_356,s01.dat,5,8.27,3.92,7.0,8.03,s01.dat_305
6912,7040,s01.dat_357,s01.dat,5,8.27,3.92,7.0,8.03,s01.dat_305
7040,7168,s01.dat_358,s01.dat,5,8.27,3.92,7.0,8.03,s01.dat_305
7168,7296,s01.dat_359,s01.dat,5,8.27,3.92,7.0,8.03,s01.dat_305
7296,7424,s01.dat_360,s01.dat,5,8.27,3.92,7.0,8.03,s01.dat_305
7424,7552,s01.dat_361,s01.dat,5,8.27,3.92,7.0,8.03,s01.dat_305
7552,7680,s01.dat_362,s01.dat,5,8.27,3.92,7.0,8.03,s01.dat_305
7680,7808,s01.dat_363,s01.dat,5,8.27,3.92,7.0,8.03,s01.dat_305
7808,7936,s01.dat_364,s01.dat,5,8.27,3.92,7.0,8.03,s01.dat_305
7936,8064,s01.dat_365,s01.dat,5,8.27,3.92,7.0,8.03,s01.dat_305
384,512,s01.dat_367,s01.dat,6,7.44,3.73,7.08,7.04,s01.dat_366
512,640,s01.dat_368,s01.dat,6,7.44,3.73,7.08,7.04,s01.dat_366
640,768,s01.dat_369,s01.dat,6,7.44,3.73,7.08,7.04,s01.dat_366
768,896,s01.dat_370,s01.dat,6,7.44,3.73,7.08,7.04,s01.dat_366
896,1024,s01.dat_371,s01.dat,6,7.44,3.73,7.08,7.04,s01.dat_366
1024,1152,s01.dat_372,s01.dat,6,7.44,3.73,7.08,7.04,s01.dat_366
1152,1280,s01.dat_373,s01.dat,6,7.44,3.73,7.08,7.04,s01.dat_366
1280,1408,s01.dat_374,s01.dat,6,7.44,3.73,7.08,7.04,s01.dat_366
1408,1536,s01.dat_375,s01.dat,6,7.44,3.73,7.08,7.04,s01.dat_366
1536,1664,s01.dat_376,s01.dat,6,7.44,3.73,7.08,7.04,s01.dat_366
1664,1792,s01.dat_377,s01.dat,6,7.44,3.73,7.08,7.04,s01.dat_366
1792,1920,s01.dat_378,s01.dat,6,7.44,3.73,7.08,7.04,s01.dat_366
1920,2048,s01.dat_379,s01.dat,6,7.44,3.73,7.08,7.04,s01.dat_366
2048,2176,s01.dat_380,s01.dat,6,7.44,3.73,7.08,7.04,s01.dat_366
2176,2304,s01.dat_381,s01.dat,6,7.44,3.73,7.08,7.04,s01.dat_366
2304,2432,s01.dat_382,s01.dat,6,7.44,3.73,7.08,7.04,s01.dat_366
2432,2560,s01.dat_383,s01.dat,6,7.44,3.73,7.08,7.04,s01.dat_366
2560,2688,s01.dat_384,s01.dat,6,7.44,3.73,7.08,7.04,s01.dat_366
2688,2816,s01.dat_385,s01.dat,6,7.44,3.73,7.08,7.04,s01.dat_366
2816,2944,s01.dat_386,s01.dat,6,7.44,3.73,7.08,7.04,s01.dat_366
2944,3072,s01.dat_387,s01.dat,6,7.44,3.73,7.08,7.04,s01.dat_366
3072,3200,s01.dat_388,s01.dat,6,7.44,3.73,7.08,7.04,s01.dat_366
3200,3328,s01.dat_389,s01.dat,6,7.44,3.73,7.08,7.04,s01.dat_366
3328,3456,s01.dat_390,s01.dat,6,7.44,3.73,7.08,7.04,s01.dat_366
3456,3584,s01.dat_391,s01.dat,6,7.44,3.73,7.08,7.04,s01.dat_366
3584,3712,s01.dat_392,s01.dat,6,7.44,3.73,7.08,7.04,s01.dat_366
3712,3840,s01.dat_393,s01.dat,6,7.44,3.73,7.08,7.04,s01.dat_366
3840,3968,s01.dat_394,s01.dat,6,7.44,3.73,7.08,7.04,s01.dat_366
3968,4096,s01.dat_395,s01.dat,6,7.44,3.73,7.08,7.04,s01.dat_366
4096,4224,s01.dat_396,s01.dat,6,7.44,3.73,7.08,7.04,s01.dat_366
4224,4352,s01.dat_397,s01.dat,6,7.44,3.73,7.08,7.04,s01.dat_366
4352,4480,s01.dat_398,s01.dat,6,7.44,3.73,7.08,7.04,s01.dat_366
4480,4608,s01.dat_399,s01.dat,6,7.44,3.73,7.08,7.04,s01.dat_366
4608,4736,s01.dat_400,s01.dat,6,7.44,3.73,7.08,7.04,s01.dat_366
4736,4864,s01.dat_401,s01.dat,6,7.44,3.73,7.08,7.04,s01.dat_366
4864,4992,s01.dat_402,s01.dat,6,7.44,3.73,7.08,7.04,s01.dat_366
4992,5120,s01.dat_403,s01.dat,6,7.44,3.73,7.08,7.04,s01.dat_366
5120,5248,s01.dat_404,s01.dat,6,7.44,3.73,7.08,7.04,s01.dat_366
5248,5376,s01.dat_405,s01.dat,6,7.44,3.73,7.08,7.04,s01.dat_366
5376,5504,s01.dat_406,s01.dat,6,7.44,3.73,7.08,7.04,s01.dat_366
5504,5632,s01.dat_407,s01.dat,6,7.44,3.73,7.08,7.04,s01.dat_366
5632,5760,s01.dat_408,s01.dat,6,7.44,3.73,7.08,7.04,s01.dat_366
5760,5888,s01.dat_409,s01.dat,6,7.44,3.73,7.08,7.04,s01.dat_366
5888,6016,s01.dat_410,s01.dat,6,7.44,3.73,7.08,7.04,s01.dat_366
6016,6144,s01.dat_411,s01.dat,6,7.44,3.73,7.08,7.04,s01.dat_366
6144,6272,s01.dat_412,s01.dat,6,7.44,3.73,7.08,7.04,s01.dat_366
6272,6400,s01.dat_413,s01.dat,6,7.44,3.73,7.08,7.04,s01.dat_366
6400,6528,s01.dat_414,s01.dat,6,7.44,3.73,7.08,7.04,s01.dat_366
6528,6656,s01.dat_415,s01.dat,6,7.44,3.73,7.08,7.04,s01.dat_366
6656,6784,s01.dat_416,s01.dat,6,7.44,3.73,7.08,7.04,s01.dat_366
6784,6912,s01.dat_417,s01.dat,6,7.44,3.73,7.08,7.04,s01.dat_366
6912,7040,s01.dat_418,s01.dat,6,7.44,3.73,7.08,7.04,s01.dat_366
7040,7168,s01.dat_419,s01.dat,6,7.44,3.73,7.08,7.04,s01.dat_366
7168,7296,s01.dat_420,s01.dat,6,7.44,3.73,7.08,7.04,s01.dat_366
7296,7424,s01.dat_421,s01.dat,6,7.44,3.73,7.08,7.04,s01.dat_366
7424,7552,s01.dat_422,s01.dat,6,7.44,3.73,7.08,7.04,s01.dat_366
7552,7680,s01.dat_423,s01.dat,6,7.44,3.73,7.08,7.04,s01.dat_366
7680,7808,s01.dat_424,s01.dat,6,7.44,3.73,7.08,7.04,s01.dat_366
7808,7936,s01.dat_425,s01.dat,6,7.44,3.73,7.08,7.04,s01.dat_366
7936,8064,s01.dat_426,s01.dat,6,7.44,3.73,7.08,7.04,s01.dat_366
384,512,s01.dat_428,s01.dat,7,7.32,2.55,6.32,5.87,s01.dat_427
512,640,s01.dat_429,s01.dat,7,7.32,2.55,6.32,5.87,s01.dat_427
640,768,s01.dat_430,s01.dat,7,7.32,2.55,6.32,5.87,s01.dat_427
768,896,s01.dat_431,s01.dat,7,7.32,2.55,6.32,5.87,s01.dat_427
896,1024,s01.dat_432,s01.dat,7,7.32,2.55,6.32,5.87,s01.dat_427
1024,1152,s01.dat_433,s01.dat,7,7.32,2.55,6.32,5.87,s01.dat_427
1152,1280,s01.dat_434,s01.dat,7,7.32,2.55,6.32,5.87,s01.dat_427
1280,1408,s01.dat_435,s01.dat,7,7.32,2.55,6.32,5.87,s01.dat_427
1408,1536,s01.dat_436,s01.dat,7,7.32,2.55,6.32,5.87,s01.dat_427
1536,1664,s01.dat_437,s01.dat,7,7.32,2.55,6.32,5.87,s01.dat_427
1664,1792,s01.dat_438,s01.dat,7,7.32,2.55,6.32,5.87,s01.dat_427
1792,1920,s01.dat_439,s01.dat,7,7.32,2.55,6.32,5.87,s01.dat_427
1920,2048,s01.dat_440,s01.dat,7,7.32,2.55,6.32,5.87,s01.dat_427
2048,2176,s01.dat_441,s01.dat,7,7.32,2.55,6.32,5.87,s01.dat_427
2176,2304,s01.dat_442,s01.dat,7,7.32,2.55,6.32,5.87,s01.dat_427
2304,2432,s01.dat_443,s01.dat,7,7.32,2.55,6.32,5.87,s01.dat_427
2432,2560,s01.dat_444,s01.dat,7,7.32,2.55,6.32,5.87,s01.dat_427
2560,2688,s01.dat_445,s01.dat,7,7.32,2.55,6.32,5.87,s01.dat_427
2688,2816,s01.dat_446,s01.dat,7,7.32,2.55,6.32,5.87,s01.dat_427
2816,2944,s01.dat_447,s01.dat,7,7.32,2.55,6.32,5.87,s01.dat_427
2944,3072,s01.dat_448,s01.dat,7,7.32,2.55,6.32,5.87,s01.dat_427
3072,3200,s01.dat_449,s01.dat,7,7.32,2.55,6.32,5.87,s01.dat_427
3200,3328,s01.dat_450,s01.dat,7,7.32,2.55,6.32,5.87,s01.dat_427
3328,3456,s01.dat_451,s01.dat,7,7.32,2.55,6.32,5.87,s01.dat_427
3456,3584,s01.dat_452,s01.dat,7,7.32,2.55,6.32,5.87,s01.dat_427
3584,3712,s01.dat_453,s01.dat,7,7.32,2.55,6.32,5.87,s01.dat_427
3712,3840,s01.dat_454,s01.dat,7,7.32,2.55,6.32,5.87,s01.dat_427
3840,3968,s01.dat_455,s01.dat,7,7.32,2.55,6.32,5.87,s01.dat_427
3968,4096,s01.dat_456,s01.dat,7,7.32,2.55,6.32,5.87,s01.dat_427
4096,4224,s01.dat_457,s01.dat,7,7.32,2.55,6.32,5.87,s01.dat_427
4224,4352,s01.dat_458,s01.dat,7,7.32,2.55,6.32,5.87,s01.dat_427
4352,4480,s01.dat_459,s01.dat,7,7.32,2.55,6.32,5.87,s01.dat_427
4480,4608,s01.dat_460,s01.dat,7,7.32,2.55,6.32,5.87,s01.dat_427
4608,4736,s01.dat_461,s01.dat,7,7.32,2.55,6.32,5.87,s01.dat_427
4736,4864,s01.dat_462,s01.dat,7,7.32,2.55,6.32,5.87,s01.dat_427
4864,4992,s01.dat_463,s01.dat,7,7.32,2.55,6.32,5.87,s01.dat_427
4992,5120,s01.dat_464,s01.dat,7,7.32,2.55,6.32,5.87,s01.dat_427
5120,5248,s01.dat_465,s01.dat,7,7.32,2.55,6.32,5.87,s01.dat_427
5248,5376,s01.dat_466,s01.dat,7,7.32,2.55,6.32,5.87,s01.dat_427
5376,5504,s01.dat_467,s01.dat,7,7.32,2.55,6.32,5.87,s01.dat_427
5504,5632,s01.dat_468,s01.dat,7,7.32,2.55,6.32,5.87,s01.dat_427
5632,5760,s01.dat_469,s01.dat,7,7.32,2.55,6.32,5.87,s01.dat_427
5760,5888,s01.dat_470,s01.dat,7,7.32,2.55,6.32,5.87,s01.dat_427
5888,6016,s01.dat_471,s01.dat,7,7.32,2.55,6.32,5.87,s01.dat_427
6016,6144,s01.dat_472,s01.dat,7,7.32,2.55,6.32,5.87,s01.dat_427
6144,6272,s01.dat_473,s01.dat,7,7.32,2.55,6.32,5.87,s01.dat_427
6272,6400,s01.dat_474,s01.dat,7,7.32,2.55,6.32,5.87,s01.dat_427
6400,6528,s01.dat_475,s01.dat,7,7.32,2.55,6.32,5.87,s01.dat_427
6528,6656,s01.dat_476,s01.dat,7,7.32,2.55,6.32,5.87,s01.dat_427
6656,6784,s01.dat_477,s01.dat,7,7.32,2.55,6.32,5.87,s01.dat_427
6784,6912,s01.dat_478,s01.dat,7,7.32,2.55,6.32,5.87,s01.dat_427
6912,7040,s01.dat_479,s01.dat,7,7.32,2.55,6.32,5.87,s01.dat_427
7040,7168,s01.dat_480,s01.dat,7,7.32,2.55,6.32,5.87,s01.dat_427
7168,7296,s01.dat_481,s01.dat,7,7.32,2.55,6.32,5.87,s01.dat_427
7296,7424,s01.dat_482,s01.dat,7,7.32,2.55,6.32,5.87,s01.dat_427
7424,7552,s01.dat_483,s01.dat,7,7.32,2.55,6.32,5.87,s01.dat_427
7552,7680,s01.dat_484,s01.dat,7,7.32,2.55,6.32,5.87,s01.dat_427
7680,7808,s01.dat_485,s01.dat,7,7.32,2.55,6.32,5.87,s01.dat_427
7808,7936,s01.dat_486,s01.dat,7,7.32,2.55,6.32,5.87,s01.dat_427
7936,8064,s01.dat_487,s01.dat,7,7.32,2.55,6.32,5.87,s01.dat_427
384,512,s01.dat_489,s01.dat,8,4.04,3.29,3.62,5.99,s01.dat_488
512,640,s01.dat_490,s01.dat,8,4.04,3.29,3.62,5.99,s01.dat_488
640,768,s01.dat_491,s01.dat,8,4.04,3.29,3.62,5.99,s01.dat_488
768,896,s01.dat_492,s01.dat,8,4.04,3.29,3.62,5.99,s01.dat_488
896,1024,s01.dat_493,s01.dat,8,4.04,3.29,3.62,5.99,s01.dat_488
1024,1152,s01.dat_494,s01.dat,8,4.04,3.29,3.62,5.99,s01.dat_488
1152,1280,s01.dat_495,s01.dat,8,4.04,3.29,3.62,5.99,s01.dat_488
1280,1408,s01.dat_496,s01.dat,8,4.04,3.29,3.62,5.99,s01.dat_488
1408,1536,s01.dat_497,s01.dat,8,4.04,3.29,3.62,5.99,s01.dat_488
1536,1664,s01.dat_498,s01.dat,8,4.04,3.29,3.62,5.99,s01.dat_488
1664,1792,s01.dat_499,s01.dat,8,4.04,3.29,3.62,5.99,s01.dat_488
1792,1920,s01.dat_500,s01.dat,8,4.04,3.29,3.62,5.99,s01.dat_488
1920,2048,s01.dat_501,s01.dat,8,4.04,3.29,3.62,5.99,s01.dat_488
2048,2176,s01.dat_502,s01.dat,8,4.04,3.29,3.62,5.99,s01.dat_488
2176,2304,s01.dat_503,s01.dat,8,4.04,3.29,3.62,5.99,s01.dat_488
2304,2432,s01.dat_504,s01.dat,8,4.04,3.29,3.62,5.99,s01.dat_488
2432,2560,s01.dat_505,s01.dat,8,4.04,3.29,3.62,5.99,s01.dat_488
2560,2688,s01.dat_506,s01.dat,8,4.04,3.29,3.62,5.99,s01.dat_488
2688,2816,s01.dat_507,s01.dat,8,4.04,3.29,3.62,5.99,s01.dat_488
2816,2944,s01.dat_508,s01.dat,8,4.04,3.29,3.62,5.99,s01.dat_488
2944,3072,s01.dat_509,s01.dat,8,4.04,3.29,3.62,5.99,s01.dat_488
3072,3200,s01.dat_510,s01.dat,8,4.04,3.29,3.62,5.99,s01.dat_488
3200,3328,s01.dat_511,s01.dat,8,4.04,3.29,3.62,5.99,s01.dat_488
3328,3456,s01.dat_512,s01.dat,8,4.04,3.29,3.62,5.99,s01.dat_488
3456,3584,s01.dat_513,s01.dat,8,4.04,3.29,3.62,5.99,s01.dat_488
3584,3712,s01.dat_514,s01.dat,8,4.04,3.29,3.62,5.99,s01.dat_488
3712,3840,s01.dat_515,s01.dat,8,4.04,3.29,3.62,5.99,s01.dat_488
3840,3968,s01.dat_516,s01.dat,8,4.04,3.29,3.62,5.99,s01.dat_488
3968,4096,s01.dat_517,s01.dat,8,4.04,3.29,3.62,5.99,s01.dat_488
4096,4224,s01.dat_518,s01.dat,8,4.04,3.29,3.62,5.99,s01.dat_488
4224,4352,s01.dat_519,s01.dat,8,4.04,3.29,3.62,5.99,s01.dat_488
4352,4480,s01.dat_520,s01.dat,8,4.04,3.29,3.62,5.99,s01.dat_488
4480,4608,s01.dat_521,s01.dat,8,4.04,3.29,3.62,5.99,s01.dat_488
4608,4736,s01.dat_522,s01.dat,8,4.04,3.29,3.62,5.99,s01.dat_488
4736,4864,s01.dat_523,s01.dat,8,4.04,3.29,3.62,5.99,s01.dat_488
4864,4992,s01.dat_524,s01.dat,8,4.04,3.29,3.62,5.99,s01.dat_488
4992,5120,s01.dat_525,s01.dat,8,4.04,3.29,3.62,5.99,s01.dat_488
5120,5248,s01.dat_526,s01.dat,8,4.04,3.29,3.62,5.99,s01.dat_488
5248,5376,s01.dat_527,s01.dat,8,4.04,3.29,3.62,5.99,s01.dat_488
5376,5504,s01.dat_528,s01.dat,8,4.04,3.29,3.62,5.99,s01.dat_488
5504,5632,s01.dat_529,s01.dat,8,4.04,3.29,3.62,5.99,s01.dat_488
5632,5760,s01.dat_530,s01.dat,8,4.04,3.29,3.62,5.99,s01.dat_488
5760,5888,s01.dat_531,s01.dat,8,4.04,3.29,3.62,5.99,s01.dat_488
5888,6016,s01.dat_532,s01.dat,8,4.04,3.29,3.62,5.99,s01.dat_488
6016,6144,s01.dat_533,s01.dat,8,4.04,3.29,3.62,5.99,s01.dat_488
6144,6272,s01.dat_534,s01.dat,8,4.04,3.29,3.62,5.99,s01.dat_488
6272,6400,s01.dat_535,s01.dat,8,4.04,3.29,3.62,5.99,s01.dat_488
6400,6528,s01.dat_536,s01.dat,8,4.04,3.29,3.62,5.99,s01.dat_488
6528,6656,s01.dat_537,s01.dat,8,4.04,3.29,3.62,5.99,s01.dat_488
6656,6784,s01.dat_538,s01.dat,8,4.04,3.29,3.62,5.99,s01.dat_488
6784,6912,s01.dat_539,s01.dat,8,4.04,3.29,3.62,5.99,s01.dat_488
6912,7040,s01.dat_540,s01.dat,8,4.04,3.29,3.62,5.99,s01.dat_488
7040,7168,s01.dat_541,s01.dat,8,4.04,3.29,3.62,5.99,s01.dat_488
7168,7296,s01.dat_542,s01.dat,8,4.04,3.29,3.62,5.99,s01.dat_488
7296,7424,s01.dat_543,s01.dat,8,4.04,3.29,3.62,5.99,s01.dat_488
7424,7552,s01.dat_544,s01.dat,8,4.04,3.29,3.62,5.99,s01.dat_488
7552,7680,s01.dat_545,s01.dat,8,4.04,3.29,3.62,5.99,s01.dat_488
7680,7808,s01.dat_546,s01.dat,8,4.04,3.29,3.62,5.99,s01.dat_488
7808,7936,s01.dat_547,s01.dat,8,4.04,3.29,3.62,5.99,s01.dat_488
7936,8064,s01.dat_548,s01.dat,8,4.04,3.29,3.62,5.99,s01.dat_488
384,512,s01.dat_550,s01.dat,9,1.99,4.86,2.04,7.09,s01.dat_549
512,640,s01.dat_551,s01.dat,9,1.99,4.86,2.04,7.09,s01.dat_549
640,768,s01.dat_552,s01.dat,9,1.99,4.86,2.04,7.09,s01.dat_549
768,896,s01.dat_553,s01.dat,9,1.99,4.86,2.04,7.09,s01.dat_549
896,1024,s01.dat_554,s01.dat,9,1.99,4.86,2.04,7.09,s01.dat_549
1024,1152,s01.dat_555,s01.dat,9,1.99,4.86,2.04,7.09,s01.dat_549
1152,1280,s01.dat_556,s01.dat,9,1.99,4.86,2.04,7.09,s01.dat_549
1280,1408,s01.dat_557,s01.dat,9,1.99,4.86,2.04,7.09,s01.dat_549
1408,1536,s01.dat_558,s01.dat,9,1.99,4.86,2.04,7.09,s01.dat_549
1536,1664,s01.dat_559,s01.dat,9,1.99,4.86,2.04,7.09,s01.dat_549
1664,1792,s01.dat_560,s01.dat,9,1.99,4.86,2.04,7.09,s01.dat_549
1792,1920,s01.dat_561,s01.dat,9,1.99,4.86,2.04,7.09,s01.dat_549
1920,2048,s01.dat_562,s01.dat,9,1.99,4.86,2.04,7.09,s01.dat_549
2048,2176,s01.dat_563,s01.dat,9,1.99,4.86,2.04,7.09,s01.dat_549
2176,2304,s01.dat_564,s01.dat,9,1.99,4.86,2.04,7.09,s01.dat_549
2304,2432,s01.dat_565,s01.dat,9,1.99,4.86,2.04,7.09,s01.dat_549
2432,2560,s01.dat_566,s01.dat,9,1.99,4.86,2.04,7.09,s01.dat_549
2560,2688,s01.dat_567,s01.dat,9,1.99,4.86,2.04,7.09,s01.dat_549
2688,2816,s01.dat_568,s01.dat,9,1.99,4.86,2.04,7.09,s01.dat_549
2816,2944,s01.dat_569,s01.dat,9,1.99,4.86,2.04,7.09,s01.dat_549
2944,3072,s01.dat_570,s01.dat,9,1.99,4.86,2.04,7.09,s01.dat_549
3072,3200,s01.dat_571,s01.dat,9,1.99,4.86,2.04,7.09,s01.dat_549
3200,3328,s01.dat_572,s01.dat,9,1.99,4.86,2.04,7.09,s01.dat_549
3328,3456,s01.dat_573,s01.dat,9,1.99,4.86,2.04,7.09,s01.dat_549
3456,3584,s01.dat_574,s01.dat,9,1.99,4.86,2.04,7.09,s01.dat_549
3584,3712,s01.dat_575,s01.dat,9,1.99,4.86,2.04,7.09,s01.dat_549
3712,3840,s01.dat_576,s01.dat,9,1.99,4.86,2.04,7.09,s01.dat_549
3840,3968,s01.dat_577,s01.dat,9,1.99,4.86,2.04,7.09,s01.dat_549
3968,4096,s01.dat_578,s01.dat,9,1.99,4.86,2.04,7.09,s01.dat_549
4096,4224,s01.dat_579,s01.dat,9,1.99,4.86,2.04,7.09,s01.dat_549
4224,4352,s01.dat_580,s01.dat,9,1.99,4.86,2.04,7.09,s01.dat_549
4352,4480,s01.dat_581,s01.dat,9,1.99,4.86,2.04,7.09,s01.dat_549
4480,4608,s01.dat_582,s01.dat,9,1.99,4.86,2.04,7.09,s01.dat_549
4608,4736,s01.dat_583,s01.dat,9,1.99,4.86,2.04,7.09,s01.dat_549
4736,4864,s01.dat_584,s01.dat,9,1.99,4.86,2.04,7.09,s01.dat_549
4864,4992,s01.dat_585,s01.dat,9,1.99,4.86,2.04,7.09,s01.dat_549
4992,5120,s01.dat_586,s01.dat,9,1.99,4.86,2.04,7.09,s01.dat_549
5120,5248,s01.dat_587,s01.dat,9,1.99,4.86,2.04,7.09,s01.dat_549
5248,5376,s01.dat_588,s01.dat,9,1.99,4.86,2.04,7.09,s01.dat_549
5376,5504,s01.dat_589,s01.dat,9,1.99,4.86,2.04,7.09,s01.dat_549
5504,5632,s01.dat_590,s01.dat,9,1.99,4.86,2.04,7.09,s01.dat_549
5632,5760,s01.dat_591,s01.dat,9,1.99,4.86,2.04,7.09,s01.dat_549
5760,5888,s01.dat_592,s01.dat,9,1.99,4.86,2.04,7.09,s01.dat_549
5888,6016,s01.dat_593,s01.dat,9,1.99,4.86,2.04,7.09,s01.dat_549
6016,6144,s01.dat_594,s01.dat,9,1.99,4.86,2.04,7.09,s01.dat_549
6144,6272,s01.dat_595,s01.dat,9,1.99,4.86,2.04,7.09,s01.dat_549
6272,6400,s01.dat_596,s01.dat,9,1.99,4.86,2.04,7.09,s01.dat_549
6400,6528,s01.dat_597,s01.dat,9,1.99,4.86,2.04,7.09,s01.dat_549
6528,6656,s01.dat_598,s01.dat,9,1.99,4.86,2.04,7.09,s01.dat_549
6656,6784,s01.dat_599,s01.dat,9,1.99,4.86,2.04,7.09,s01.dat_549
6784,6912,s01.dat_600,s01.dat,9,1.99,4.86,2.04,7.09,s01.dat_549
6912,7040,s01.dat_601,s01.dat,9,1.99,4.86,2.04,7.09,s01.dat_549
7040,7168,s01.dat_602,s01.dat,9,1.99,4.86,2.04,7.09,s01.dat_549
7168,7296,s01.dat_603,s01.dat,9,1.99,4.86,2.04,7.09,s01.dat_549
7296,7424,s01.dat_604,s01.dat,9,1.99,4.86,2.04,7.09,s01.dat_549
7424,7552,s01.dat_605,s01.dat,9,1.99,4.86,2.04,7.09,s01.dat_549
7552,7680,s01.dat_606,s01.dat,9,1.99,4.86,2.04,7.09,s01.dat_549
7680,7808,s01.dat_607,s01.dat,9,1.99,4.86,2.04,7.09,s01.dat_549
7808,7936,s01.dat_608,s01.dat,9,1.99,4.86,2.04,7.09,s01.dat_549
7936,8064,s01.dat_609,s01.dat,9,1.99,4.86,2.04,7.09,s01.dat_549
384,512,s01.dat_611,s01.dat,10,2.99,2.36,3.63,6.24,s01.dat_610
512,640,s01.dat_612,s01.dat,10,2.99,2.36,3.63,6.24,s01.dat_610
640,768,s01.dat_613,s01.dat,10,2.99,2.36,3.63,6.24,s01.dat_610
768,896,s01.dat_614,s01.dat,10,2.99,2.36,3.63,6.24,s01.dat_610
896,1024,s01.dat_615,s01.dat,10,2.99,2.36,3.63,6.24,s01.dat_610
1024,1152,s01.dat_616,s01.dat,10,2.99,2.36,3.63,6.24,s01.dat_610
1152,1280,s01.dat_617,s01.dat,10,2.99,2.36,3.63,6.24,s01.dat_610
1280,1408,s01.dat_618,s01.dat,10,2.99,2.36,3.63,6.24,s01.dat_610
1408,1536,s01.dat_619,s01.dat,10,2.99,2.36,3.63,6.24,s01.dat_610
1536,1664,s01.dat_620,s01.dat,10,2.99,2.36,3.63,6.24,s01.dat_610
1664,1792,s01.dat_621,s01.dat,10,2.99,2.36,3.63,6.24,s01.dat_610
1792,1920,s01.dat_622,s01.dat,10,2.99,2.36,3.63,6.24,s01.dat_610
1920,2048,s01.dat_623,s01.dat,10,2.99,2.36,3.63,6.24,s01.dat_610
2048,2176,s01.dat_624,s01.dat,10,2.99,2.36,3.63,6.24,s01.dat_610
2176,2304,s01.dat_625,s01.dat,10,2.99,2.36,3.63,6.24,s01.dat_610
2304,2432,s01.dat_626,s01.dat,10,2.99,2.36,3.63,6.24,s01.dat_610
2432,2560,s01.dat_627,s01.dat,10,2.99,2.36,3.63,6.24,s01.dat_610
2560,2688,s01.dat_628,s01.dat,10,2.99,2.36,3.63,6.24,s01.dat_610
2688,2816,s01.dat_629,s01.dat,10,2.99,2.36,3.63,6.24,s01.dat_610
2816,2944,s01.dat_630,s01.dat,10,2.99,2.36,3.63,6.24,s01.dat_610
2944,3072,s01.dat_631,s01.dat,10,2.99,2.36,3.63,6.24,s01.dat_610
3072,3200,s01.dat_632,s01.dat,10,2.99,2.36,3.63,6.24,s01.dat_610
3200,3328,s01.dat_633,s01.dat,10,2.99,2.36,3.63,6.24,s01.dat_610
3328,3456,s01.dat_634,s01.dat,10,2.99,2.36,3.63,6.24,s01.dat_610
3456,3584,s01.dat_635,s01.dat,10,2.99,2.36,3.63,6.24,s01.dat_610
3584,3712,s01.dat_636,s01.dat,10,2.99,2.36,3.63,6.24,s01.dat_610
3712,3840,s01.dat_637,s01.dat,10,2.99,2.36,3.63,6.24,s01.dat_610
3840,3968,s01.dat_638,s01.dat,10,2.99,2.36,3.63,6.24,s01.dat_610
3968,4096,s01.dat_639,s01.dat,10,2.99,2.36,3.63,6.24,s01.dat_610
4096,4224,s01.dat_640,s01.dat,10,2.99,2.36,3.63,6.24,s01.dat_610
4224,4352,s01.dat_641,s01.dat,10,2.99,2.36,3.63,6.24,s01.dat_610
4352,4480,s01.dat_642,s01.dat,10,2.99,2.36,3.63,6.24,s01.dat_610
4480,4608,s01.dat_643,s01.dat,10,2.99,2.36,3.63,6.24,s01.dat_610
4608,4736,s01.dat_644,s01.dat,10,2.99,2.36,3.63,6.24,s01.dat_610
4736,4864,s01.dat_645,s01.dat,10,2.99,2.36,3.63,6.24,s01.dat_610
4864,4992,s01.dat_646,s01.dat,10,2.99,2.36,3.63,6.24,s01.dat_610
4992,5120,s01.dat_647,s01.dat,10,2.99,2.36,3.63,6.24,s01.dat_610
5120,5248,s01.dat_648,s01.dat,10,2.99,2.36,3.63,6.24,s01.dat_610
5248,5376,s01.dat_649,s01.dat,10,2.99,2.36,3.63,6.24,s01.dat_610
5376,5504,s01.dat_650,s01.dat,10,2.99,2.36,3.63,6.24,s01.dat_610
5504,5632,s01.dat_651,s01.dat,10,2.99,2.36,3.63,6.24,s01.dat_610
5632,5760,s01.dat_652,s01.dat,10,2.99,2.36,3.63,6.24,s01.dat_610
5760,5888,s01.dat_653,s01.dat,10,2.99,2.36,3.63,6.24,s01.dat_610
5888,6016,s01.dat_654,s01.dat,10,2.99,2.36,3.63,6.24,s01.dat_610
6016,6144,s01.dat_655,s01.dat,10,2.99,2.36,3.63,6.24,s01.dat_610
6144,6272,s01.dat_656,s01.dat,10,2.99,2.36,3.63,6.24,s01.dat_610
6272,6400,s01.dat_657,s01.dat,10,2.99,2.36,3.63,6.24,s01.dat_610
6400,6528,s01.dat_658,s01.dat,10,2.99,2.36,3.63,6.24,s01.dat_610
6528,6656,s01.dat_659,s01.dat,10,2.99,2.36,3.63,6.24,s01.dat_610
6656,6784,s01.dat_660,s01.dat,10,2.99,2.36,3.63,6.24,s01.dat_610
6784,6912,s01.dat_661,s01.dat,10,2.99,2.36,3.63,6.24,s01.dat_610
6912,7040,s01.dat_662,s01.dat,10,2.99,2.36,3.63,6.24,s01.dat_610
7040,7168,s01.dat_663,s01.dat,10,2.99,2.36,3.63,6.24,s01.dat_610
7168,7296,s01.dat_664,s01.dat,10,2.99,2.36,3.63,6.24,s01.dat_610
7296,7424,s01.dat_665,s01.dat,10,2.99,2.36,3.63,6.24,s01.dat_610
7424,7552,s01.dat_666,s01.dat,10,2.99,2.36,3.63,6.24,s01.dat_610
7552,7680,s01.dat_667,s01.dat,10,2.99,2.36,3.63,6.24,s01.dat_610
7680,7808,s01.dat_668,s01.dat,10,2.99,2.36,3.63,6.24,s01.dat_610
7808,7936,s01.dat_669,s01.dat,10,2.99,2.36,3.63,6.24,s01.dat_610
7936,8064,s01.dat_670,s01.dat,10,2.99,2.36,3.63,6.24,s01.dat_610
384,512,s01.dat_672,s01.dat,11,2.71,2.77,3.4,7.35,s01.dat_671
512,640,s01.dat_673,s01.dat,11,2.71,2.77,3.4,7.35,s01.dat_671
640,768,s01.dat_674,s01.dat,11,2.71,2.77,3.4,7.35,s01.dat_671
768,896,s01.dat_675,s01.dat,11,2.71,2.77,3.4,7.35,s01.dat_671
896,1024,s01.dat_676,s01.dat,11,2.71,2.77,3.4,7.35,s01.dat_671
1024,1152,s01.dat_677,s01.dat,11,2.71,2.77,3.4,7.35,s01.dat_671
1152,1280,s01.dat_678,s01.dat,11,2.71,2.77,3.4,7.35,s01.dat_671
1280,1408,s01.dat_679,s01.dat,11,2.71,2.77,3.4,7.35,s01.dat_671
1408,1536,s01.dat_680,s01.dat,11,2.71,2.77,3.4,7.35,s01.dat_671
1536,1664,s01.dat_681,s01.dat,11,2.71,2.77,3.4,7.35,s01.dat_671
1664,1792,s01.dat_682,s01.dat,11,2.71,2.77,3.4,7.35,s01.dat_671
1792,1920,s01.dat_683,s01.dat,11,2.71,2.77,3.4,7.35,s01.dat_671
1920,2048,s01.dat_684,s01.dat,11,2.71,2.77,3.4,7.35,s01.dat_671
2048,2176,s01.dat_685,s01.dat,11,2.71,2.77,3.4,7.35,s01.dat_671
2176,2304,s01.dat_686,s01.dat,11,2.71,2.77,3.4,7.35,s01.dat_671
2304,2432,s01.dat_687,s01.dat,11,2.71,2.77,3.4,7.35,s01.dat_671
2432,2560,s01.dat_688,s01.dat,11,2.71,2.77,3.4,7.35,s01.dat_671
2560,2688,s01.dat_689,s01.dat,11,2.71,2.77,3.4,7.35,s01.dat_671
2688,2816,s01.dat_690,s01.dat,11,2.71,2.77,3.4,7.35,s01.dat_671
2816,2944,s01.dat_691,s01.dat,11,2.71,2.77,3.4,7.35,s01.dat_671
2944,3072,s01.dat_692,s01.dat,11,2.71,2.77,3.4,7.35,s01.dat_671
3072,3200,s01.dat_693,s01.dat,11,2.71,2.77,3.4,7.35,s01.dat_671
3200,3328,s01.dat_694,s01.dat,11,2.71,2.77,3.4,7.35,s01.dat_671
